Timestamp,المنطقة,"الفرع
",الفرع ملتزم بمواعيد الفتح والغلق, يرجى ذكر الايام التي لم يتم الالتزام بها بمواعيد فتح وغلق الفروع في حالة وجود مخالفه,وجود صيادله بكارنيه نقابه في الشفتات,في حالة عدم وجود صيادلة بكارنيه نقابه يتم ذكر الشفتات والاجراء المتبع ,قيام مدير الفرع بمراجعة بيع أصناف ال    Reserve Drugs والتزام الفرع بشروط الصرف طبقا لتعليمات هيئة الدواء المصريه,مقارنة بيع الفرع بنفس الشهر من عام سابق,مقارنه بيع الفرع بالشهر السابق,نمو عدد اوردرات التوصيل بالنسبه لنفس الشهر من عام سابق,نمو عدد اوررات التوصيل بالنسبه للشهر الماضي,بيع العروض بالنسبة لنفس الشهر من عام سابق,بيع العروض بالنسبة لشهر سابق,متوسط قيمة الفاتورة بالنسبة لنفس الشهر من عام سابق,متوسط قيمة الفاتورة بالنسبة للشهر السابق,عدد زيارات مدير الفرع للعيادات الخارجيه في الشهر  وتفاصيل الزيارات ,صيانة الفرع (الكهرباء-السباكة- الأثاث - الأجهزة والمعدات -عدم وجود أصول هالكة غير مرسلة لمخزن المهمات)والاجراء المتبع ,توافر المهمات شهرية المطلوبة من الفرع وتوفير الزي والصناديق الخاصة بمندوبي التوصيل,وجود مشكلات او اعطال في الفرع تشرف على صيانتها ادارة النظم,يتم عمل طلب تحويل ب انتظام,عدد اصفار الدواء بالنسبة ل3 شهور بيع,عدد اصفار التجميل بالنسبة ل 3 شهور,الالتزام بالجرد الشهري,الارصده الافتتاحيه منطقيه ولها اسبابها,توافر المستندات القانونية الخاصة بالصيدلية, مرتجع بدون سبب واضح(لا توجد شبهات تلاعب أو تكرار غير منطقي),تصفية مبيعات الصنف المؤقت قبل 72 ساعة من تاريخ الزيارة( يتم ذكر قيمة الصنف المؤقت في حالة وجود اصناف لم يتم تسويتها),مطابقة رصيد اصناف المرتجعات غالية الثمن 500ج  الفعلى مع رصيد تلك الاصناف على برنامج الصيدلية,الالتزام بكتابة بيانات العملاء بشكل صحيح في ملاحظات الفواتير وفقا لنظام تكويد العملاء,يتم الرد على مكالمات العملاء ورسائل الواتساب  في وقت مناسب,الرد علي فروع الشركه بطريقة منتظمه, افادة الفرع عن الفروع التي ترفض التحويلات بوقائع مثبته(في حالة وجود فرع لا يقوم بالرد يرجى ذكر الاجراء المتبع ),عدد الاكواد الجديدة ونسبتها من اجمالي عدد الفواتير المعتادة(الفرع بيكود كم عميل في اليوم من اجمالي عدد العملاء المعتادة),وجود نواقص عمالة من الفئات العاملة داخل الفرع,عدم وجود تلاعب في الحضور والانصراف من قبل مدير الفرع او العاملين, نظافة الأرضيات ," نظافة  ,وترتيب الأرفف ومناطق العرض",ترتيب مخزون الأدويه,نظافة الحمام (ان وجد),التزام الفرع بقيم خدمات  التوصيل حسب السياسة المتبعه,Column 40
1/2/2026 0:45:02,القاهره1,فرع المساحة الجيزة,نعم,الفرع ٢٤ ساعه ,لا,شيفت النايت فقط لا يوجد به صيدلي يحمل كارنيه نقابه ,الفرع ملتزم طبقا لشروط الصرف,7.4% cash growth , -1.4% cash growth ,من 255 اوردر إلي 337 بنسبه زياده 32% ,من 273 اوردر الي 337 بنسبه زياده 23.45% ,مبيعات التجميل من 5821 جنيه متوسط يومي الي 7883 جنيه ,من 6984 جنيه متوسط يومي الي 7883 جنيه ,من 174 جنيه الي 213 جنيه بنسبه نمو 22.4%,من 220 جنيه الي 213 جنيه بنسبه نمو -3% ,شهر ١٢ لا يوجد ,"اصلاح مفصلات باكيه زجاج ، اصلاح هبوط في سقف الفرع ، وتم الطلب علي لينك الصيانه ","يتم توفير المهمات المطلوبه ، لا يتم توفير الزي للعماله حديثه التعيين ولا يوجد صناديق لمندوبي التوصيل وتم التواصل مع أ هاني ",وجود عطل في كاميرا رقم 7 وتم ابلاغ اداره النظم ,نعم,325 صنف ,313 صنف ,نعم,تم ملاحظة وجود ارصده افتتاحيه غير منطقيه وجاري مراجعتها,"الاختام المطلوبه(ختم الصيدليه-سموم-منتهى الصلاحيه), صورة الرخصه, سجل تجاري, بطاقة ضريبيه, شهادة القيمة المضافه",المرتجعات سليمه,9527,مطابقة للرصيد الفعلي,50,يتم الرد ب انتظام,الفرع ملتزم,لا يوجد ,"157 كود جديد في شهر ديسمبر ، متوسط ٥ عملاء يومياً ",مساعدين,لا يوجد ,70,50,70,70,,
1/3/2026 15:17:53,العروبه,فرع العروبة 1 سوهاج,نعم,لا يوجد,نعم,يوجد عدد 6 صيادلة (4 امتياز و 2  في انتظار موقفهم من التجنيد) لا يمتلكون كارنيه النقابة عدد 2 صيادلة شيفت المورنينج و 2 صيادلة شيفت الافتر و 2 صيادلة شيفت النايت,الفرع ملتزم طبقا لشروط الصرف,مبيعات 12/2024 هي 6950378 ومبيعات 12/2025 هي 7694690  بنمو عن العام السابق بقيمة 744312 بنسبة نمو 10.7% ,مبيعات 11/2025 هي 7351142 ومبيعات 12/2025هي 7694690 بنمو 343548 بنسبة نمو 4.67 % عن الشهر السابق,عدد أوردرات التوصيل المنزلي 12/2024 هي 1687 أوردر وعدد أوردرات التوصيل المنزلي في 12/2025 هي 1687 أوردر بتراجع عدد 45 أوردر عن العام السابق ,عدد أوردرات التوصيل المنزلي 11/2025 هي 1536 أوردر وعدد أوردرات التوصيل المنزلي في 12/2025 هي 1687 أوردر بزيادة 106 أوردر عن الشهر السابق ,عدد عروض 12/2024 هي 580 عرض بقيمة 160012 وعدد عروض 12/2025 هي 492 أوردر بقيمة 122697 بتراجع عدد 88 عرض عن نفس الشهر العام السابق أقل بقيمة 37315 (-23%),عدد العروض في 11/2025 هو 791 عرض بقيمة 199621 وعدد العروض في 12/2025 هو 492 عرض بقيمة 122697 بتراجع في عدد العروض عن الشهر السابق عدد 299 عرض وتراجع قيمة العروض بقيمة 76924 وبنسبة (38%) عن الشهر السابق,متوسط قيمة الفاتورة الواحدة في 12/2024 هو 234 ج للفاتورة الواحدة ومتوسط قيمة الفاتورة الواحدة في 12/2025 هو 287 ج بزيادة 53 ج للفاتورة الواحدة بنسبة بزيادة (22%) عن العام السابق,متوسط قيمة الفاتورة الواحدة في 11/2024 هو 277 ج ومتوسط قيمة الفاتورة الواحدة في 12/2025 هو 287 ج للفاتورة الواحدة بنسبة نمو (3%) عن الشهر السابق,"عدد الزيارات الشهرية حوالي زيارة واحدة فقط شهريًا تتم بالتنسيق مع السيد مصطفى ممدوح مدير العلاقات الطبية ، آخر زيارة تمت في 12/2025 للدكتور علاء السيد رضوان تخصص عيون و في 11/2025 زيارة للدكتور رامي رمزي عياد  تخصص باطنة",لا يوجد,يوجد 2 مندوبين توصيل (تعيين حديث) لا يمتلكون زي أو صندوق كود 6473 وكود 6434,لا توجد أي مشكلات تخص ادارة النظم,نعم,484,728,نعم,لا يوجد اي ارصده افتتاحيه بها مشاكل,"دفاتر هيئة الدواء ( مخدرات- سموم -تركيبات), الاختام المطلوبه(ختم الصيدليه-سموم-منتهى الصلاحيه), صورة الرخصه, أصل الرسم",المرتجعات سليمه,4145,مطابقة للرصيد الفعلي,70,يتم الرد ب انتظام,الفرع ملتزم,لا يوجد,لا يتم تكويد العملاء المترددين على الفرع لصعوبة ذلك بحكم طبيعة الفرع وطبيعة العملاء المترددين عليه ,مدير فرع,لا يوجد ,100,70,70,100,,
1/3/2026 23:13:51,القاهره1,فرع المؤسسة القليوبية,نعم,لا يوجد,لا,صيدلي امتياز في شيفت المورنينج لا يحمل كارنيه ,الفرع ملتزم طبقا لشروط الصرف,52% growth ,12.8% growth ,115% growth ,55% growth ,شهر ديسمبر ٢٠٢٤ ( 6543 ) ديسمبر ٢٠٢٥ ( 31125 ) بنسبه نمو 375% ,ديسمبر ٢٠٢٥ ( 31125 ) نوفمبر ٢٠٢٥ ( 32307) ,"سابقاً 116 ، حالياً 185 ","سابقا 179 ، حالياً 185 ",لا يوجد عيادات حول الفرع ,الفرع محتاج تغيير ماكينه الباب السيكوريت وتم الطلب علي اللينك وتم التواصل مع المهندس محمد عزت ,لا يوجد صناديق لمندوبي التوصيل ,مشكله في كاميرا ٤ وتم ابلاغ المهندس زينهم ,نعم,216 صنف ,185 صنف ,نعم,لا يوجد اي ارصده افتتاحيه بها مشاكل,"دفاتر هيئة الدواء ( مخدرات- سموم -تركيبات), الاختام المطلوبه(ختم الصيدليه-سموم-منتهى الصلاحيه), صورة الرخصه, سجل تجاري, بطاقة ضريبيه, شهادة القيمة المضافه",المرتجعات سليمه,لا يوجد,مطابقة للرصيد الفعلي,50,يتم الرد ب انتظام,الفرع ملتزم,لا يوجد ,تم تكويد 89 كود جديد خلال شهر ديسمبر ,نائب مدير فرع,لا يوجد ,50,70,70,50,,
1/4/2026 13:27:13,البحر الأحمر-أسيوط,فرع الاحياء الغردقة,نعم,لا يوجد ,نعم,الشفت الصباحي الصيدلي حديث التخرج وسيكون مع شهاده التخرج ,الفرع ملتزم طبقا لشروط الصرف,نمو 5%,نقص8.8%عن الشهر السابق ,نمو 1%,نقص 5%,نمو 43.8%,نقص 21.6%,نمو 7.5,نقص 4%,لا توجد عيادات قريبه او معتمد عليها الفرع للزياره ,يوجد كرسي مكسور  سيتم إرساله مع عربه الشركه ,متوفر,الفرع يحتاج لزياره من اداره النظم نظرا لثقل الاجهزه ,لا,278 أصفار من اصل 2060 صنف مباع,451 من اصل 1650 صنف مباع,لا,لا يوجد اي ارصده افتتاحيه بها مشاكل,"دفاتر هيئة الدواء ( مخدرات- سموم -تركيبات), الاختام المطلوبه(ختم الصيدليه-سموم-منتهى الصلاحيه), صورة الرخصه, أصل الرسم, سجل تجاري, بطاقة ضريبيه",المرتجعات سليمه,يوجد صنف مؤقت بقيمه 981 تم التنبيه بتصفيته,مطابقة للرصيد الفعلي,100,يتم الرد ب انتظام,الفرع ملتزم,لا يوجد,متوسط 5 اكواد يوميا,مختص تجميل,لا يوجد,100,70,70,100,,
1/4/2026 14:18:14,البحر الأحمر-أسيوط,فرع الكوثر 1 الغردقة,نعم,لا يوجد ,لا,لا يوجد,الفرع ملتزم طبقا لشروط الصرف,-27.93نقص بعد خصم 30%,7% نمو,نقص 18%,نمو 7%,نمو23.5,نقص 16%,نمو 33.5,نمو9%,تمت زياره المركز الطبي المجاور ومعرفه مواعيد زيارات الأطباء وجاري تحديد موعد للزياره,لا يوجد ,متوفر ,الاجهزه تحتاج الي صيانه او تبديل لأنها بطيئه جدا,نعم,387من اصل 2378 أصناف مباعه,599 من اصل 2209,لا,لا يوجد اي ارصده افتتاحيه بها مشاكل,"دفاتر هيئة الدواء ( مخدرات- سموم -تركيبات), الاختام المطلوبه(ختم الصيدليه-سموم-منتهى الصلاحيه), صورة الرخصه, أصل الرسم, سجل تجاري, بطاقة ضريبيه, شهادة القيمة المضافه",المرتجعات سليمه,يوجد صنف بقيمه 1280 وتم التنبيه بتصفيته,مطابقة للرصيد الفعلي,70,يتم الرد ب انتظام,الفرع ملتزم,لايوجد,4 اكواد يوميا ,"صيادله, مساعدين",لا يوجد ,100,70,70,100,,
1/4/2026 15:40:57,البحر الأحمر-أسيوط,فرع الهلالي اسيوط,نعم,لا يوجد,نعم,ماعدا شفت المورنينج صيادله حديثي التخرج وعند حدوث التفتيش يتم التواصل مع نائب مدير الفرع,الفرع ملتزم طبقا لشروط الصرف,-20%بعد خصم 30%,-5.60%,_6%,1.60%,_31,-63,23.80%,1%,لا توجد زيارات,تغيير الكراسي وإصلاح باب الحمام وتم الابلاغ بالتواصل مع الاداره الهندسبه,متوفر ,صيانه وتبديل الاجهزه نظرا للبطء في الاستخدام,لا,332من اصل 2857,643 من اصل1779,نعم,لا يوجد اي ارصده افتتاحيه بها مشاكل,"دفاتر هيئة الدواء ( مخدرات- سموم -تركيبات), الاختام المطلوبه(ختم الصيدليه-سموم-منتهى الصلاحيه), صورة الرخصه, أصل الرسم",المرتجعات سليمه,يوجد 1877 ,مطابقة للرصيد الفعلي,100,يتم الرد ب انتظام,الفرع ملتزم,لا يوجد ,5,صيادله,لا يوجد,100,70,70,100,,
1/4/2026 16:58:06,البحر الأحمر-أسيوط,فرع عرابيا الغردقة,نعم,لايوجد,نعم,شفت المورنينج صيدلي حديث التخرج,الفرع ملتزم طبقا لشروط الصرف,_8.23بعد خصم 30%,10.3,13%,-4%,5.60%,5.5,21%,1%,الفرع غير معتمد علي عيادات قريبه,الرسم الهندسي وتم عمله ومنتظر وصوله,متوفر,الاجهزه ثقيله وتحتاج الي صيانه وتبديل ,لا,465 من اصل 1937 أصناف مباعه,424 من اصل 1382 أصناف مباعه,نعم,لا يوجد اي ارصده افتتاحيه بها مشاكل,"دفاتر هيئة الدواء ( مخدرات- سموم -تركيبات), الاختام المطلوبه(ختم الصيدليه-سموم-منتهى الصلاحيه), صورة الرخصه, سجل تجاري, بطاقة ضريبيه, شهادة القيمة المضافه",المرتجعات سليمه,330,مطابقة للرصيد الفعلي,100,يتم الرد ب انتظام,الفرع ملتزم,لا يوجد,3,مساعدين,لا يوجد,100,70,70,100,,
1/4/2026 18:32:09,البحر الأحمر-أسيوط,فرع شيراتون الغردقة,نعم,لا يوجد,لا,لا يوجد ,الفرع ملتزم طبقا لشروط الصرف,-7.3بعد خصم 30%,-7.3,7%,-5%,_21,-43,22%,2%,لا توجد ,لا يوجد,متوفر,تحديث الاجهزه نظرا لبطئها,نعم,451من اصل 2665,608 من اصل 2305 أصناف مباعه,لا,لا يوجد اي ارصده افتتاحيه بها مشاكل,"دفاتر هيئة الدواء ( مخدرات- سموم -تركيبات), الاختام المطلوبه(ختم الصيدليه-سموم-منتهى الصلاحيه), صورة الرخصه, أصل الرسم, سجل تجاري, بطاقة ضريبيه, شهادة القيمة المضافه",المرتجعات سليمه,10746 وتم التنبيه بضروره التصفيه ,مطابقة للرصيد الفعلي,100,يتم الرد ب انتظام,الفرع ملتزم,لا يوجد,6,دلفريه,لا يوجد,70,70,70,100,,
1/5/2026 2:53:12,سوهاج1,فرع الكورنيش الغربي سوهاج,نعم,لا يوجد ,نعم,لا يوجد,الفرع ملتزم طبقا لشروط الصرف,18%,8%,9%,-18%,-9%,-48%,40%,2%,يوجد دك عماد الدين نبيل ... يتم صرف اكراميات للمساعد نظير الروشتات التي يقوم بتوجيهها للفرع ... و هناك زيارة ل دك بهاء تجميل قيد التحضير و التنفيذ,تم طلب قطعه ريون و لا يوجد استجابة منذ 4 شهور,متوفرة ..... ... مندوب جديد تعين .. يحتاج ل زي و صندوق ... ,بحاجه الي زيادة كاميرات ... تم التواصل مع ا. علي و لم يتم اتخاذ اي اجراء,لا,555 .. يتم المتابعه بصفه دورية مع فرد المشتريات,397,نعم,لا يوجد اي ارصده افتتاحيه بها مشاكل,"صورة الرخصه, سجل تجاري, بطاقة ضريبيه, شهادة القيمة المضافه",المرتجعات سليمه,لا يوجد ايتم متأخر,مطابقة للرصيد الفعلي,100,يتم الرد ب انتظام,الفرع ملتزم,هناك مشكلة مع التواصل مع فرع العروبة ف الرد و اتاحة تحويل الاصناف النواقص بوجه التحديد ...  فرع الشهيد 2 الرد يكون غير موجود ... ايتم ... مقفول عليه التحويل عشان صنف طبيب ... بصفه مستمرة ...  الاجراء يتم التوفير من فروع بعيدة او نقدي ,عدد الاكواد الجديده 59 و النسبه 1.68 % بحيث عدد فواتير العملاء المعتادة  265  مقارنة ب الاجمالي 3767 خلال شهر 12 ,نائب مدير فرع,لا يوجد,100,100,100,100,,
1/5/2026 10:12:51,البحر الأحمر-أسيوط,فرع الكوثر 2 الغردقة,نعم,لا يوجد,نعم,شفت النايت بعد الثالثه صباحا وحتي الثامنه صباحا الصيدلي حديث التخرج,الفرع ملتزم طبقا لشروط الصرف,41%,5%,4.50%,-4%,-18,-43.50%,39%,9.40%,الفرع غير معتمد علي عيادات,لا يوجد ,متوفر,تحديث الاجهزه نظرا لبطئها,نعم,301 من اصل 2456,526 من اصل 2403,لا,لا يوجد اي ارصده افتتاحيه بها مشاكل,"دفاتر هيئة الدواء ( مخدرات- سموم -تركيبات), الاختام المطلوبه(ختم الصيدليه-سموم-منتهى الصلاحيه), صورة الرخصه, أصل الرسم, سجل تجاري, بطاقة ضريبيه, شهادة القيمة المضافه",المرتجعات سليمه,لا يوجد ,مطابقة للرصيد الفعلي,100,يتم الرد ب انتظام,الفرع ملتزم,لا يوجد,4,صيادله,لا يوجد,100,70,70,100,,
1/5/2026 13:26:26,البحر الأحمر-أسيوط,فرع النصر الغردقة,نعم,لا يوجد ,نعم,لا يوجد,الفرع ملتزم طبقا لشروط الصرف,13%,-2.6,-6%,-6.6,29%,-33%,34%,4.30%,لا توجد عيادات خاصه بالفرع,لا يوجد,متوفر,تبديل الاجهزه والأسلاك المرتبطه بها نظرا لبطء الاجهزه ,لا,430 من اصل 360 أصناف مباعه,757من اصل 2635,لا,لا يوجد اي ارصده افتتاحيه بها مشاكل,"دفاتر هيئة الدواء ( مخدرات- سموم -تركيبات), الاختام المطلوبه(ختم الصيدليه-سموم-منتهى الصلاحيه), صورة الرخصه, أصل الرسم, سجل تجاري, بطاقة ضريبيه, شهادة القيمة المضافه",المرتجعات سليمه,14255وتم التنبيه بضروره التسويه,مطابقة للرصيد الفعلي,100,يتم الرد ب انتظام,الفرع ملتزم,لا يوجد ,21,"صيادله, كاشيريه",لا يوجد,100,70,70,100,,
1/5/2026 15:34:53,سوهاج 2,فرع الشهيد 2 سوهاج,نعم,لا يوجد ,نعم,لا يوجد ,الفرع ملتزم طبقا لشروط الصرف,+ve growth 58 % ,- 7 %,+ 42% ,-7%,-20%,-78 %,+19%,-4%,لا يوجد ,كشافات الإضاءة الداخليه تحتاج لصيانه وتم توجيه مدير الفرع لطلب الصيانه ,يوجد مندوب توصيل بدون صندوق وتم توجيه مدير الفرع لطلبه ,مشكله بجهاز البصمه وتم التواصل مع النظم وتوجيه مدير الفرع للمتابعه معهم ,لا,545,258,لا,لا يوجد اي ارصده افتتاحيه بها مشاكل,"الاختام المطلوبه(ختم الصيدليه-سموم-منتهى الصلاحيه), صورة الرخصه, شهادة القيمة المضافه",المرتجعات سليمه,5200,يوجد عجز او زيادة في اصناف,50,يوجد بعض العملاء لم يتم الرد عليهم وتم التواصل مع العملاء وتطبيق اللائحة,الفرع ملتزم,لا يوجد ,220 فاتورة بنسبة ٤ ٪؜ من عدد الفواتير ,صيادله,لا يوجد ,70,70,70,100,,
1/5/2026 21:15:51,سوهاج1,فرع برج القضاة سوهاج,نعم,لا يوجد,نعم,لا يوجد,الفرع ملتزم طبقا لشروط الصرف,-1%,-3%,0%,14%,-49%,-54%,13%,-1%,لا توجد اي عيادات حولين الفرع او قريب منه .... المتاح فقط مستشفي الجامعه و معدل البيع من خلالها ضعيف بسبب نقل الطوارئ لمستشفي الجامعي بسوهاج الجديدة,لا يوجد اي مشكله ,لا يوجد مشكله في المهمات و لا الزي و لا الصناديق ,هناك كاميرا فاصله رقم 1 و المدي بتاعها الجزء الخارجي من الفرع و تم التواصل من خلال مدير الفرع مع ال IT عل الجروب و لم يتم الاستجابة ,نعم,697,814,نعم,لا يوجد اي ارصده افتتاحيه بها مشاكل,"الاختام المطلوبه(ختم الصيدليه-سموم-منتهى الصلاحيه), صورة الرخصه, سجل تجاري, بطاقة ضريبيه, شهادة القيمة المضافه",المرتجعات سليمه,يوجد ايتم لم يتم تصفيته من يوم 24/12/2025 الي يوم 2/1/2026 قبل معاد الزيارة ب 72 ساعه بقيمه 8643.6 ج,مطابقة للرصيد الفعلي,70,يتم الرد ب انتظام,الفرع ملتزم,( فرع الشرق لا يرد بشكل متكرر الفترات السابقه - فرع النمر لا يحول النواقص )يتم التواصل مع مدير الفرع ولكن  ذلك يعطل مصلحه و سير العمل,عدد الاكواد الجديده 90 كود  ب نسبه 1.37 % ,"صيادله, عامل خدمات",لا يوجد,50,50,100,100,,
1/6/2026 1:53:29,القاهره1,فرع حدائق الاهرام الجيزة,نعم,لا يوجد,لا,يوجد عجز صيدلي شيفت مورننيج او افتر ,الفرع ملتزم طبقا لشروط الصرف,20% growth ,Negative 15% ,23% growth ,13% growth ,1557% growth ,Negative 63%,"سابقاً 133 ، حالياً 170 ، بنسبه جروث 28%","سابقاً 199 ، حالياً 170 ، بنسبه negative 14%",لا يوجد ,يوجد كرسي مكسور سيتم ارساله مع عربيه الطلبيه + تم طلب صيانه للباب السيكوريت ,لا يوجد صناديق ,لا يوجد ,نعم,242,287,نعم,لا يوجد اي ارصده افتتاحيه بها مشاكل,"دفاتر هيئة الدواء ( مخدرات- سموم -تركيبات), الاختام المطلوبه(ختم الصيدليه-سموم-منتهى الصلاحيه), صورة الرخصه, أصل الرسم, سجل تجاري, بطاقة ضريبيه, شهادة القيمة المضافه",المرتجعات سليمه,لا يوجد ,مطابقة للرصيد الفعلي,50,يتم الرد ب انتظام,الفرع ملتزم,لا يوجد ,6 عملاء يومياً ,"صيادله, مساعدين",يوجد تلاعب وتم تطبيق لائحه العمل ,70,70,100,100,,
1/6/2026 15:52:42,سوهاج 2,فرع ايهاب سوهاج,نعم,يوم 3-1-2026  تم فتح الفرع س 8:55 يوم 27-12-2025 تم فتح الفرع س 8:45  ومع المراجعه تم ملاحظة ان تلك الايام هي ايام إجازات  المساعد المسؤل عن  فتح الفرع  وتم التنبيه على عدم تكرار الأمر وتغير موعد د امنيه محمود في ايام إجازات المساعد لتصبح س ٨ بدلا من ٩ ,نعم,لا يوجد ,الفرع ملتزم طبقا لشروط الصرف,الفرع جديد ,+ 25% ,الفرع جديد ,+13%,الفرع جديد ,——,———-,+ 2% ,لا يوجد ,لا يوجد ,تم طلب طلبية مهمات وجاري متابعة توفيرها ,لا يوجد ,نعم,230,99,لا,لا يوجد اي ارصده افتتاحيه بها مشاكل,"الاختام المطلوبه(ختم الصيدليه-سموم-منتهى الصلاحيه), صورة الرخصه",المرتجعات سليمه,1547,مطابقة للرصيد الفعلي,50,يتم الرد ب انتظام,الفرع ملتزم,لا يوجد ,220 من 2940 بنسبة ٧ فالميه وتم التنبيه على الفرع بضرورة التكويد بشكل اكبر سيما ان الفرع جديد ,صيادله,لا يوجد ,100,100,100,100,,
1/7/2026 1:57:17,القاهره1,فرع العتبة القاهرة,نعم,لا يوجد,لا,شيفت النايت فقط ,الفرع ملتزم طبقا لشروط الصرف,26.4% growth,8.5% growth ,16.8% growth ,12.7% growth ,32.3% down growth ,73% down growth ,16% growth ,4% growth ,لا يوجد عيادات,"الصندله عباره عن جبسونبورد محتاجه تدعيمات ، تغيير كشافات داخليه ، تغيير رفين دواء شراب ، وتم الطلب علي اللينك",لا يوجد صناديق لمندوبي التوصيل ,الاجهزه تقيله كلها ,نعم,330 صنف ,450 صنف ,نعم,لا يوجد اي ارصده افتتاحيه بها مشاكل,"دفاتر هيئة الدواء ( مخدرات- سموم -تركيبات), الاختام المطلوبه(ختم الصيدليه-سموم-منتهى الصلاحيه), صورة الرخصه, أصل الرسم, بطاقة ضريبيه, شهادة القيمة المضافه",المرتجعات سليمه,يوجد صنف بقيمه 2680 وتم التنبيه بضروره تصفيه الصنف ,مطابقة للرصيد الفعلي,50,يتم الرد ب انتظام,يوجد رسائل لم يتم الرد عليها وقام الفرع بالرد وتم التنبيه في حالة التكرار سيتم تطبيق الجزا المخصص,لا يوجد ,متوسط ٣ عملاء يومياً,"صيادله, دلفريه",لا يوجد ,70,100,70,100,,
1/7/2026 19:54:05,سوهاج1,فرع طهطا 1 سوهاج,نعم,لايوجد,نعم,لا يوجد,الفرع ملتزم طبقا لشروط الصرف,اول 6 ايام من يناير .. 10 % نمو ,اول 6 ايام من يناير  ... - 6 %,اول 6 ايام من يناير .....  -21 %,اول 6 ايام من يناير .....  -29 %,اول 6 ايام من يناير .... - 41%,اول 6 ايام من يناير .......-17 %,اول 6 ايام من يناير ..... نمو 19 %,اول 6 ايام من يناير ..... نمو 2 %,دك حسام كوكب .... جاري تنسيق زيارة ... في اتفاق مع الدكتور ..... و دك جورج جاري تنسيق زيارة بالاتفاق مع مدير الفرع ,تمام ,هناك تقصير ف توفير المهمات ... وتم التواصل مع ا.محمود مرزوق و لا يوجد استجابه او رد ,لا يوجد,نعم,345,309,نعم,لا يوجد اي ارصده افتتاحيه بها مشاكل,"دفاتر هيئة الدواء ( مخدرات- سموم -تركيبات), الاختام المطلوبه(ختم الصيدليه-سموم-منتهى الصلاحيه), صورة الرخصه, أصل الرسم, شهادة القيمة المضافه",المرتجعات سليمه,يوجد 26 ايتم قيمه يوم 27 /12/2025,مطابقة للرصيد الفعلي,70,يتم الرد ب انتظام,الفرع ملتزم,لا يوجد,24 % من بيانات شهر 12 ,صيادله,لا يوجد,100,100,100,100,,
1/7/2026 20:57:15,سوهاج1,فرع طهطا 2 سوهاج,نعم,لا يوجد,نعم,لا يوجد,الفرع ملتزم طبقا لشروط الصرف,المقارنات عن شهر 12 ... نمو 56 %,نمو 5 %,نمو 27 %,نمو 18 %,-32 %,-62 %,نمو 12 %,-3%,لا يوجد حاليا ... سيتم وضع خطه تنشيطيه جارية التنفيذ فيما يخص الاطباء المحيطه,لا يوجد ,تمام ,لا يوجد,نعم,322,315,نعم,لا يوجد اي ارصده افتتاحيه بها مشاكل,"صورة الرخصه, سجل تجاري, بطاقة ضريبيه, شهادة القيمة المضافه",المرتجعات سليمه,يوجد ايتم لم يتم تصفيته بقيمه 2674.5  ,مطابقة للرصيد الفعلي,70,يتم الرد ب انتظام,الفرع ملتزم,فرع العروبة يرفض التحويل خصوصا النواقص ,2 %,لايوجد,لا يوجد,100,100,100,70,,
1/8/2026 18:49:36,البحر الأحمر-أسيوط,فرع مى صيام سفاجا,نعم,لا توجد,نعم,لا يوجد ,الفرع ملتزم طبقا لشروط الصرف,13.85,1.90%,93%,18%,-27%,53%,18%,-18%,الفرع غير معتمد علي عيادات قريبه ,لا توجد ,متوفر ,الاجهزه بطيئه وتحتاج الي صيانه وتبديل ,نعم,415من اصل 2456اصناف مباعه,510 من اصل 1650 أصناف مباعه,نعم,لا يوجد اي ارصده افتتاحيه بها مشاكل,"دفاتر هيئة الدواء ( مخدرات- سموم -تركيبات), الاختام المطلوبه(ختم الصيدليه-سموم-منتهى الصلاحيه), صورة الرخصه, أصل الرسم, سجل تجاري, بطاقة ضريبيه, شهادة القيمة المضافه",المرتجعات سليمه,لا يوجد ,مطابقة للرصيد الفعلي,100,يتم الرد ب انتظام,الفرع ملتزم,لا يوجد ,5,لايوجد,لا يوجد ,100,70,70,100,,
1/8/2026 21:43:57,القاهره1,فرع المعادي 2 القاهرة,نعم,لا بوجد ,لا,وجود عجز صيدلي بالاضافه الي ان صيدلي الافتر امتياز ,الفرع ملتزم طبقا لشروط الصرف,9.2% growth ,-1.20%,-13.50%,17.3% growth,57.3% growth ,-48%,50% growth ,2% growth ,لا يوجد عيادات ,لا يوجد,لا يوجد صناديق لمندوبي التوصيل ,يوجد جهاز تقيل جداً وتم التنسيق مع المهندس احمد زينهم ,نعم,287,302,نعم,لا يوجد اي ارصده افتتاحيه بها مشاكل,"الاختام المطلوبه(ختم الصيدليه-سموم-منتهى الصلاحيه), صورة الرخصه, سجل تجاري, بطاقة ضريبيه, شهادة القيمة المضافه",المرتجعات سليمه,لا يوجد ,مطابقة للرصيد الفعلي,50,يتم الرد ب انتظام,الفرع ملتزم,لا يوجد ,٣ عملاء,"صيادله, عامل خدمات, مختص تجميل, مدير فرع",لا يوجد ,70,70,70,70,,
1/11/2026 13:34:45,الأقصر,فرع التلفزيون الاقصر,نعم,لايوجد,نعم,لا يوجد,الفرع ملتزم طبقا لشروط الصرف,نمود بنسبه 59%,نمو بنسبه 3%,نمو بنسبه 35%,نفس القيمه,نمو بنسبه 188%,نمو بنسبه 43%,نمو بنسبه 24%,نمو بنسبه 4%,2,لا يوجد,متوفر,لا يوجد,نعم,524 صنف,696 صنف,نعم,لا يوجد اي ارصده افتتاحيه بها مشاكل,"صورة الرخصه, أصل الرسم, سجل تجاري, بطاقة ضريبيه",المرتجعات سليمه,لا يوجد,مطابقة للرصيد الفعلي,100,يتم الرد ب انتظام,الفرع ملتزم,لا يوجد,نسبه 10% وهيتم التنبيه لزياده النسبه,صيادله,لا يوجد,100,100,100,100,,
1/11/2026 15:08:17,الأقصر,فرع المدينة المنورة الاقصر,نعم,لا يوجد,نعم,لا يوجد,الفرع ملتزم طبقا لشروط الصرف,نمو بنسبه58%,نمو بنسبه19%,نمو بنسبه 300%,نمو بنسبه85%,نمو بنسبه 569%,نمو بنسبه 121%,نسبه نمو 4%,-7%,3,لا يوجد,متوفر,لا يوجد,نعم,467 صنف,263 صنف,نعم,لا يوجد اي ارصده افتتاحيه بها مشاكل,"الاختام المطلوبه(ختم الصيدليه-سموم-منتهى الصلاحيه), صورة الرخصه, أصل الرسم, سجل تجاري, بطاقة ضريبيه",المرتجعات سليمه,نعم,مطابقة للرصيد الفعلي,70,يتم الرد ب انتظام,الفرع ملتزم,لا يوجد,نسبه 5% وتم التنبيه بالزياده المطلوبه,صيادله,لا يوجد,100,100,100,100,,
1/11/2026 20:32:21,سوهاج1,فرع الشرق سوهاج,نعم,لا يوجد,نعم,لا يوجد,الفرع ملتزم طبقا لشروط الصرف,مقارنه اول 10 ايام من الشهر الحالي55% نمو ,مقارنه اول 10 ايام من الشهر الحالي 7 % نمو ,مقارنه اول 10 ايام من الشهر الحالي نمو 34 %,اول 10 ايام من الشهر الحالي نمو 5 %,اول 10 ايام نمو 316 %,نمو 157 %,اول 10 ايام نمو 31 %,اول 10 ايام نمو 3 %,يوجد احصاء للدكاتره بالقرب من الفرع و موضوع خطه للزياره لكنها لم تتم بعد,يوجد طلب بعمل رفوف زياده ف الفرع و تم التواصل اكتر من مره مع الادارة الهندسيه و لا يوجد استجابه,لا يوجد مشكله,يوجد مشكله و عطل ف الطابعه الخاصه بالفرع و كل مره بيتم صيانتها بترجع برضوا غير سليمه و مسببه بعطل في صرف التعاقدات ف المكان,لا,912,770,نعم,لا يوجد اي ارصده افتتاحيه بها مشاكل,"دفاتر هيئة الدواء ( مخدرات- سموم -تركيبات), صورة الرخصه, سجل تجاري, بطاقة ضريبيه, شهادة القيمة المضافه",المرتجعات سليمه,يوجد ايتم بقيمه 5191.5 ج ,مطابقة للرصيد الفعلي,70,يتم الرد ب انتظام,الفرع ملتزم,العروبة لايوجد استجابه من الفرع تماما و بنوجه التوفير للنقدي ,4%,"صيادله, نائب مدير فرع",لا يوجد,100,100,100,100,,
1/11/2026 22:11:12,الأقصر,فرع العوامية الاقصر,نعم,لا يوجد,نعم,لا يوجد,الفرع ملتزم طبقا لشروط الصرف,نسبه نمو 63%,نمو بنسبه 33%,نمو بنسبه 32%,نمو بنسبه 12%,نمو بنسبه 150%,نمو بنسبه 66%,نمه بنسبه 15%,-10%,لا يوجد,لا يوجد,متوفر,لا يوجد,نعم,342,290,نعم,لا يوجد اي ارصده افتتاحيه بها مشاكل,"صورة الرخصه, أصل الرسم, سجل تجاري, بطاقة ضريبيه",المرتجعات سليمه,لا يوجد,مطابقة للرصيد الفعلي,50,يتم الرد ب انتظام,الفرع ملتزم,لا يوجد,نسبه 30%,لايوجد,لا يوجد,100,100,100,100,,
1/12/2026 19:15:23,سوهاج 2,فرع الجمهورية سوهاج,نعم,لا يوجد ,نعم,لا يوجد ,الفرع ملتزم طبقا لشروط الصرف,+ 20%,+ 15%,+10%,+8%,+37%,PLATEAU,+23%,+7%,لا يوجد,كشفات الفرع تحتاج لصيانه,متوفره,لا يوجد,لا,1100,729,نعم,لا يوجد اي ارصده افتتاحيه بها مشاكل,"دفاتر هيئة الدواء ( مخدرات- سموم -تركيبات), الاختام المطلوبه(ختم الصيدليه-سموم-منتهى الصلاحيه), صورة الرخصه, سجل تجاري, بطاقة ضريبيه, شهادة القيمة المضافه",المرتجعات سليمه,16000,مطابقة للرصيد الفعلي,50,يتم الرد ب انتظام,الفرع ملتزم,عدم الرد بسهوله من بعض الفروع (الشرق -التمينات -العروبه ),20%,عامل خدمات,لا يوجد ,100,100,100,100,,
1/13/2026 15:50:05,سوهاج 2,فرع الشهيد 1 سوهاج,نعم,لا يوجد ,لا,لا يوجد صيادله يحملو كارنيه نقابه بشفت الافتر ,الفرع ملتزم طبقا لشروط الصرف,+18%,-3%,-9%,-38%,-46%,plateau,+13%,-4%,لا يوجد ,باب السوكريت الخاص بالفرع يحتاج الي صيانه ,متوفره,يوجد جهاز من اصل ثلاثة اجهزه لا يوجد عليه نسخة بي كونكت ,لا,714,352,نعم,تم ملاحظة وجود ارصده افتتاحيه غير منطقيه وجاري مراجعتها,"الاختام المطلوبه(ختم الصيدليه-سموم-منتهى الصلاحيه), صورة الرخصه, سجل تجاري, بطاقة ضريبيه, شهادة القيمة المضافه",المرتجعات سليمه,745,مطابقة للرصيد الفعلي,70,يتم الرد ب انتظام,الفرع ملتزم,صعوبة التواصل مع فرع العروبه ,4%,صيادله,لا يوجد ,70,70,70,70,,
1/14/2026 15:39:37,سوهاج 2,فرع دار السلام 2 سوهاج,نعم,تاخر موعد الفتح يوم ٢-١-٢٠٢٦ إلى الساعه ٨:٥٨ ص ,نعم,لا يوحد ,الفرع ملتزم طبقا لشروط الصرف,+17%,-1%,+18 % ,-22%,+400% ,+40%,+11%,Plateau ,مرتين شهريا ,يوجد فئران في الربع تحتاج إلى حل جزري من قبل الاداره الهندسيه ,عدم توفر صناديق الدليفري ,"كاميرا رقم ٥ فاصله  ‘ عطل في الطابعه ، يوجد جهاز لا يعمل ",لا,350,264,لا,تم ملاحظة وجود ارصده افتتاحيه غير منطقيه وجاري مراجعتها,"الاختام المطلوبه(ختم الصيدليه-سموم-منتهى الصلاحيه), سجل تجاري, بطاقة ضريبيه, شهادة القيمة المضافه",المرتجعات سليمه,8305,مطابقة للرصيد الفعلي,0,يتم الرد ب انتظام,الفرع ملتزم,صعوبة التواصل مع فرع العروبه وإليزابيث والشرق ,٧٣ من اصل ٥٦٢٠ من يوم ١-١-٢٦. وتم التنبيه على الفرع وشرح طالبه التكويد للموظفين أثناء الزياره ,عامل خدمات,لا يوجد ,0,50,50,0,,
1/14/2026 17:45:12,سوهاج 2,فرع دار السلام 1 سوهاج,نعم,لا يوجد ,نعم,لا يوجد ,الفرع ملتزم طبقا لشروط الصرف,+11 %,+13%,-10,+22%,+79%,+46%,+18%,+7%,لا يوجد ,باب الصاج يحتاج لصيانه -كشافات الفرع تحتاج لصيانه - توجد ثلاجه لا تعمل بكفائه ,صندوق مندوب التوصيل غير متوفر ,يوجد جهاز شاشته لا تعمل وتم إرسالها إلى قسم النظم لاصلاحها — شاشة الفرع لا تعمل ,لا,488,276,لا,لا يوجد اي ارصده افتتاحيه بها مشاكل,"الاختام المطلوبه(ختم الصيدليه-سموم-منتهى الصلاحيه), صورة الرخصه, سجل تجاري, بطاقة ضريبيه, شهادة القيمة المضافه",المرتجعات سليمه,17463,يوجد عجز او زيادة في اصناف,100,يتم الرد ب انتظام,الفرع ملتزم,صعوبة التواصل مع فرع العروبه ,77 من اصل 4746 وتم التنبيه ع الفرع على التكويد وشرح نظام التكويد الجديد للعاملين بالفرع ,لايوجد,لا يوجد *** يوجد موظف ليس له بصمة حضور ,100,70,70,100,,
1/14/2026 20:31:08,سوهاج 2,فرع محمد فقير جرجا سوهاج,لا,"٢-١-٢٠٢٥ موعد الفتح ٩:٢٠  ، الخميس من كل اسبوع يتم إغلاق الفرع الساعه ٩ مساء نظرا لوجود عجز عماله ",لا,يوجد عجز عماله بواقع ٢ صيدلي من اصل ٣ ,الفرع ملتزم طبقا لشروط الصرف,-3%,-13%,-20%,+33%,Plateau ,-9%,+45%,+22%,لا يوجد ,بعض سبوتات الاضائه تحتاج لصيانه — تكييف الفرع يحتاج لصيانه ,متوفره ,لا يوجد ,لا,408,368,نعم,لا يوجد اي ارصده افتتاحيه بها مشاكل,"الاختام المطلوبه(ختم الصيدليه-سموم-منتهى الصلاحيه), صورة الرخصه, سجل تجاري, بطاقة ضريبيه, شهادة القيمة المضافه",المرتجعات سليمه,1999,يوجد عجز او زيادة في اصناف,70,يتم الرد ب انتظام,الفرع ملتزم,لا يوجد ,٢٪؜ -,"صيادله, مساعدين",بعض ايام حضور مدير الفرع لاحظت انصرافها ف وقت متاخر وتبين انها ,100,70,70,70,,
1/15/2026 10:19:10,البحر الأحمر-أسيوط,فرع الاحياء الغردقة,نعم,لايوجد,نعم,الشفت الصباحي صيدلي حديث التخرج وياتي المدير او النائب في حاله التفتيش,الفرع ملتزم طبقا لشروط الصرف,53%,43%,3%,15%,8%,8.50%,14.50%,15%,لا توجد ,لا يوجد,متوفر,تغيير أجهزه الفرع وصيانتها لثقل استجابتها,نعم,306 من اصل 1985 أصناف مباعه ,401 من اصل 1510 أصناف مباعه,نعم,لا يوجد اي ارصده افتتاحيه بها مشاكل,"دفاتر هيئة الدواء ( مخدرات- سموم -تركيبات), الاختام المطلوبه(ختم الصيدليه-سموم-منتهى الصلاحيه), صورة الرخصه, أصل الرسم, سجل تجاري, بطاقة ضريبيه, شهادة القيمة المضافه",المرتجعات سليمه,لا يوجد,مطابقة للرصيد الفعلي,100,يتم الرد ب انتظام,الفرع ملتزم,لا يوجد,7,لايوجد,لا يوجد,100,70,70,100,,
1/15/2026 11:13:21,البحر الأحمر-أسيوط,فرع عرابيا الغردقة,نعم,لا يوجد ,نعم,الشفت الصباحي به صيدلي حديث التخرج وعند التفتيش يأتي المدير او النائب,الفرع ملتزم طبقا لشروط الصرف,12%,7%,-17%,-7.5,-28%,_11%,3.60%,1.50%,لايوجد,لا يوجد,متوفر,الاجهزه ثقيله وتحتاج الي تغيير,لا,416من اصل 1780,354من اصل 1220,نعم,لا يوجد اي ارصده افتتاحيه بها مشاكل,"دفاتر هيئة الدواء ( مخدرات- سموم -تركيبات), الاختام المطلوبه(ختم الصيدليه-سموم-منتهى الصلاحيه), صورة الرخصه, سجل تجاري, بطاقة ضريبيه, شهادة القيمة المضافه",المرتجعات سليمه,1032 لم يتم تصفيتها ,مطابقة للرصيد الفعلي,100,يتم الرد ب انتظام,الفرع ملتزم,لا يوجد,4,مساعدين,لايوجد,100,70,70,100,,
1/15/2026 11:36:52,البحر الأحمر-أسيوط,فرع مى صيام سفاجا,نعم,لايوجد,نعم,لا يوجد,الفرع ملتزم طبقا لشروط الصرف,28%,24%,13%,-8%,93%,-84,25%,16%,لا يوجد ,لا يوجد,متوفر ,الاجهزه ثقيله ,نعم,447 من اصل 2290,435من اصل 1437اصناف مباعه,نعم,لا يوجد اي ارصده افتتاحيه بها مشاكل,"دفاتر هيئة الدواء ( مخدرات- سموم -تركيبات), الاختام المطلوبه(ختم الصيدليه-سموم-منتهى الصلاحيه), صورة الرخصه, أصل الرسم, سجل تجاري, بطاقة ضريبيه, شهادة القيمة المضافه",المرتجعات سليمه,2091,مطابقة للرصيد الفعلي,100,يتم الرد ب انتظام,الفرع ملتزم,لا يوجد,3,لايوجد,لا يوجد,100,70,70,100,,
1/15/2026 12:13:30,البحر الأحمر-أسيوط,فرع شيراتون الغردقة,نعم,لا يوجد ,نعم,لا يوجد ,الفرع ملتزم طبقا لشروط الصرف,37%,16%,8.60%,8.5,59%,27%,15%,-2%,لاتوجد,لا توجد,متوفر,الاجهزه ثقيله ,نعم,481 من اصل 2550,532 من اصل 2040 أصناف مباعه,نعم,لا يوجد اي ارصده افتتاحيه بها مشاكل,"دفاتر هيئة الدواء ( مخدرات- سموم -تركيبات), الاختام المطلوبه(ختم الصيدليه-سموم-منتهى الصلاحيه), صورة الرخصه, أصل الرسم, سجل تجاري, بطاقة ضريبيه, شهادة القيمة المضافه",المرتجعات سليمه,6374,مطابقة للرصيد الفعلي,100,يتم الرد ب انتظام,الفرع ملتزم,لا يوجد ,5,لايوجد,لا يوجد ,100,70,70,100,,
1/15/2026 13:18:02,البحر الأحمر-أسيوط,فرع النصر الغردقة,نعم,لا توجد,نعم,لا يوجد,الفرع ملتزم طبقا لشروط الصرف,38%,28%,2.80%,16%,60%,5%,36%,7%,لا توجد,لا يوجد,متوفر,الاجهزه ثقيله تحتاج الي تغيير,لا,490 من اصل2960 أصناف مباعه,628 من اصل2410 أصناف مباعه,نعم,لا يوجد اي ارصده افتتاحيه بها مشاكل,"دفاتر هيئة الدواء ( مخدرات- سموم -تركيبات), الاختام المطلوبه(ختم الصيدليه-سموم-منتهى الصلاحيه), صورة الرخصه, أصل الرسم, سجل تجاري, بطاقة ضريبيه, شهادة القيمة المضافه",المرتجعات سليمه,4400,مطابقة للرصيد الفعلي,100,يتم الرد ب انتظام,الفرع ملتزم,لا يوجد,6,صيادله,لا يوجد,100,70,70,100,,
1/15/2026 21:22:51,سوهاج1,فرع النمر سوهاج,نعم,لا يوجد,نعم,لا يوجد,الفرع ملتزم طبقا لشروط الصرف,مقارنه اول 14 يوم نمو 56 % ,مقارنة اول 14 يوم نمو 4 %,مقارنة اول 14 يوم  نمو 2 %,مقارنة اول 14 يوم  -32%,مقارنة اول 14 يوم  نمو 96 %,مقارنة اول 14 يوم نمو 24 %,مقارنة اول 14 يوم نمو 33%,مقارنة اول 14 يوم نمو 1%,لا يوجد حاليا اي زيارات  ,لا يوجد مشاكل,يوجد 2 مندوب توصيل جديد لا يملكون زي او صندوق ,لا يوجد,لا,447,576,نعم,لا يوجد اي ارصده افتتاحيه بها مشاكل,"الاختام المطلوبه(ختم الصيدليه-سموم-منتهى الصلاحيه), صورة الرخصه, أصل الرسم, شهادة القيمة المضافه",المرتجعات سليمه,يوجد  1592 ج ... باالمراجعه الايتم عروض لم يتم تفعيلها بعد ,مطابقة للرصيد الفعلي,100,يتم الرد ب انتظام,الفرع ملتزم,يوجد مشكله مع فرع العروبه ف التحويلات و الرد .... فرع القضاه ... يقوم الفرع ب طلب الاصناف من فروع اخري,1.12% بالنسبه لمبيعات و عدد فواتير اول 14 يوم من الشهر,كاشيريه,لا يوجد,100,100,70,70,,
1/17/2026 10:30:16,البحر الأحمر-أسيوط,فرع الكوثر 1 الغردقة,نعم,لا يوجد ,نعم,النايت فقط ويتم التواصل مع مدير الفرع,الفرع ملتزم طبقا لشروط الصرف,5%,16%,-21%,3.70%,46%,-1.3,31%,-2.6,لا توجد,لا يوجد,متوفر ,الاجهزه ثقيله تحتاج الي تبديل,لا,450من اصل2223,560 من اصل 2060 أصناف مباعه,نعم,لا يوجد اي ارصده افتتاحيه بها مشاكل,"دفاتر هيئة الدواء ( مخدرات- سموم -تركيبات), الاختام المطلوبه(ختم الصيدليه-سموم-منتهى الصلاحيه), صورة الرخصه, أصل الرسم, سجل تجاري, بطاقة ضريبيه, شهادة القيمة المضافه",المرتجعات سليمه,5808,مطابقة للرصيد الفعلي,100,يتم الرد ب انتظام,الفرع ملتزم,لا يوجد ,5,"صيادله, مساعدين",لا يوجد ,100,70,70,100,الفرع ملتزم,
1/17/2026 18:33:23,سوهاج1,فرع تبارك اخميم سوهاج,لا,يوم 2 و 9 من الشهر و يلاحظ الايام يوم الجمعه وبالمراجعه الدكتور بيغطي اليوم بالكامل و عجز المساعد مؤثر عل يوم الجمعه,نعم,لا يوجد ,الفرع ملتزم طبقا لشروط الصرف,مقارنه اول 17 يوم نمو 88%,مقارنه اول 17 يوم نمو 10 %,مقارنه اول 17 يوم نمو 405 %,مقارنه اول 17 يوم نمو 33 %,مقارنه اول 17 يوم -21 %,مقارنه اول 17 يوم نمو 13%,مقارنه اول 17 يوم نمو 48 %,مقارنه اول 17 يوم نمو 7 %,لايوجد زيارات حاليا ,الابواب بحاجه للتشحيم عشان الغلق و في باب مش بيرضي يتفتح نهائي تم التواصل مع محمود مرزوق و لا يوجد استجابه ,لا يوجد صناديق مع الدليفريه ,لا يوجد مشكله ,نعم,514,333,لا,لا يوجد اي ارصده افتتاحيه بها مشاكل,صورة الرخصه,المرتجعات سليمه,505.5,مطابقة للرصيد الفعلي,100,يتم الرد ب انتظام,الفرع ملتزم,فرع العروبه ,1.15 % ,"صيادله, مساعدين, دلفريه",لا يوجد ,50,100,100,100,الفرع ملتزم,
1/17/2026 22:30:43,سوهاج1,فرع اليزابيث سوهاج,نعم,لا يوجد,نعم,لا يوجد,الفرع ملتزم طبقا لشروط الصرف,مقارنه اول 16 يوم نمو 22 %,مقارنه اول 16 يوم نمو 3 %,مقارنه اول 16 يوم -2%,مقارنه اول 16 يوم -14%,مقارنه اول 16 يوم نمو 182 %,مقارنه اول 16 يوم  نمو 21%,مقارنه اول 16 يوم نمو 28 %,مقارنه اول 16 يوم نمو 5%,لا يوجد ( دك جون جوار الفرع plan للزياره ),الفرع ب حاجه الي رفوف زياده للمساحه و تم ابلاغ الادارة الهندسيه و لكن لا يوجد استجابه ,3 مندوب توصيل لم يتم استلام صناديق,مشكله الانترنت ف المراجعه و ال play back,نعم,758,709,نعم,تم ملاحظة وجود ارصده افتتاحيه غير منطقيه وجاري مراجعتها,"صورة الرخصه, بطاقة ضريبيه",المرتجعات سليمه,لا يوجد ,مطابقة للرصيد الفعلي,70,يوجد بعض العملاء لم يتم الرد عليهم وتم التواصل مع العملاء وتطبيق اللائحة,يوجد رسائل لم يتم الرد عليها وقام الفرع بالرد وتم التنبيه في حالة التكرار سيتم تطبيق الجزا المخصص,لا يوجد ,1.02% من مقارنه اول 17 يوم من الشهر ,"صيادله, دلفريه",لا يوجد,100,100,100,100,الفرع ملتزم,
1/18/2026 8:15:10,البحر الأحمر-أسيوط,فرع الكوثر 2 الغردقة,نعم,لا يوجد ,نعم,شفت النايت به صيدلي حديث التخرج ويتم التواصل مع مدير الفرع عند حدوث اي تفتيش,الفرع ملتزم طبقا لشروط الصرف,80%,-2%,_13%,-13%,-9%,-18.7,37%,-2.20%,لا توجد,لا يوجد,متوفر ,الاجهزه ثقيله تحتاج الي احلال وتبديل ,لا,490 من اصل2400 أصناف مباعه,600من اصل 2205 أصناف مباعه,نعم,لا يوجد اي ارصده افتتاحيه بها مشاكل,"دفاتر هيئة الدواء ( مخدرات- سموم -تركيبات), الاختام المطلوبه(ختم الصيدليه-سموم-منتهى الصلاحيه), صورة الرخصه, سجل تجاري, بطاقة ضريبيه, شهادة القيمة المضافه",المرتجعات سليمه,5067,مطابقة للرصيد الفعلي,100,يتم الرد ب انتظام,الفرع ملتزم,لا يوجد ,6,"صيادله, كاشيريه",لا يوجد ,100,70,70,100,الفرع ملتزم,
1/18/2026 15:27:03,سوهاج1,فرع ابراهيم حسن جهينة سوهاج,نعم,لا يوجد,نعم,لا يوجد ,الفرع ملتزم طبقا لشروط الصرف,مقارنة اول 18 يوم نمو 40 %,مقارنة اول 18 يوم نمو 10%,مقارنة اول 18 يوم -3%,مقارنة اول 18 يوم نمو 82 %,مقارنة اول 18 يوم نمو 147%,مقارنة اول 18 يوم نمو 124 %,مقارنة اول 18 يوم نمو 19%,مقارنة اول 18 يوم نمو 6%,عياده من 3 غرف بندفعلها ايجار فيها غرفه بدون دكتور ... الدكتور ال متفقين معاه بطل يجي ,لا يوجد,لا يوجد مشكله بالمهمات * مندوب التوصيل لايملك صندوق * و بالطوا للاطباء,يوجد مشكله في ارصده الفرع بسبب عطل الانترنت ,نعم,276,292,لا,لا يوجد اي ارصده افتتاحيه بها مشاكل,"الاختام المطلوبه(ختم الصيدليه-سموم-منتهى الصلاحيه), صورة الرخصه, أصل الرسم, بطاقة ضريبيه",المرتجعات سليمه,لا يوجد,مطابقة للرصيد الفعلي,100,يتم الرد ب انتظام,الفرع ملتزم,فرع العروبه ف التواصل يتم التواصل مع مدير المنطقه ل تحصيل الصنف,1.49%,لايوجد,لا يوجد,100,100,100,100,الفرع ملتزم,
1/20/2026 15:56:19,سوهاج 2,فرع البلينا الحسين سوهاج,نعم,ايام ١١ و ١٢و١٣ يناير غلق مبكر س ١٢:٢٠ص بدلا من ١ ص ,نعم,لا يوجد ,الفرع ملتزم طبقا لشروط الصرف,+22%,+11%,-9%,-9%,+83%,+10%,+15%,+1%,4 زيارات شهريا د احمد عطا و د ابو دومه ,١- كشافات الفرع تحتاج لصيانه ٢-الأرفف الخشبيه تحتاج لصيانه ٣- بعض الأرفف الزجاجيه تحتاج لتغيير ٤- فلتر الفرع يحتاج لصيانه ٥- تكيفات الفرع تحتاج لصيانه ٦-باب الصاج يحتاج لصيانه ٧- يوجد بأفرع مظلات خارجيه تحتاج لصيانه ,متوفره ,كابلات وتوصيلات النت والكهرباء تحتاج لإعادة هيكله ,لا,596,725,لا,لا يوجد اي ارصده افتتاحيه بها مشاكل,"الاختام المطلوبه(ختم الصيدليه-سموم-منتهى الصلاحيه), صورة الرخصه, سجل تجاري, بطاقة ضريبيه, شهادة القيمة المضافه",المرتجعات سليمه,16243,مطابقة للرصيد الفعلي,0,يتم الرد ب انتظام,الفرع ملتزم,العروبه - التامينات - الشهيد ٢- نجع حمادي ( صعب للغايه كأنو عاملين بلوك في فتره لفرع الحسن ),0.08 % ,صيادله,لا يوجد ,50,50,50,100,الفرع ملتزم,
1/20/2026 17:04:42,سوهاج 2,فرع البلينا الهلال سوهاج,نعم,ايام 22-12 و 4-1 و 18-1 تاخر في موعد فتح الفرع إلى الساعه 9 ص ,نعم,لا يوجد ,الفرع ملتزم طبقا لشروط الصرف,+6,-9%,-75%,+50%,+840%,-17%,+25%,-1%,زياره أسبوعيه د روماني فخري ,الفرع يحتاج إلى زيادة الأرفف الزجاجيه لعدم كفايتها لايستعمل المخزون + صيانه الستاره الهوائيه + كراسي بار ,احتياج الفرع إلى مهمات (اقلام -بكر باركود ,جهاز البصمه يحتاج إلى صيانه + درج كاشير + زيادة جهاز ,لا,516,519,نعم,لا يوجد اي ارصده افتتاحيه بها مشاكل,"الاختام المطلوبه(ختم الصيدليه-سموم-منتهى الصلاحيه), سجل تجاري, بطاقة ضريبيه, شهادة القيمة المضافه",المرتجعات سليمه,7914,مطابقة للرصيد الفعلي,0,يتم الرد ب انتظام,الفرع ملتزم,دار السلام ( صعوبة التواصل),0,صيادله,لا يوجد ,70,70,50,100,الفرع ملتزم,
1/21/2026 14:43:23,الأقصر,فرع التلفزيون الاقصر,نعم,لا يوجد,نعم,لا يوجد,الفرع ملتزم طبقا لشروط الصرف,52%,4%,33%,5%,117%,6%,28%,3%,4,يوجد عدد3 كشاف وتم التنسيق مع الاداره الهندسيه للاستبدال,متوفر,لا يوجد,نعم,410,489,نعم,لا يوجد اي ارصده افتتاحيه بها مشاكل,صورة الرخصه,المرتجعات سليمه,لا يوجد,مطابقة للرصيد الفعلي,50,يتم الرد ب انتظام,الفرع ملتزم,لا يوجد,25%,صيادله,لا يوجد,100,100,100,100,الفرع ملتزم,
1/23/2026 23:17:35,القاهره1,فرع حدائق الاهرام الجيزة,نعم,لا يوجد,لا,عجز صيدلي يحمل كارنيه ,الفرع ملتزم طبقا لشروط الصرف,-7%,-22%,-4%,-23%,-72%,-88%,-2%,-11%,لا يوجد ,لا يوجد,لا بوجد صناديق,لا يوجد ,نعم,225,240,نعم,لا يوجد اي ارصده افتتاحيه بها مشاكل,"دفاتر هيئة الدواء ( مخدرات- سموم -تركيبات), الاختام المطلوبه(ختم الصيدليه-سموم-منتهى الصلاحيه), صورة الرخصه, أصل الرسم, سجل تجاري, بطاقة ضريبيه, شهادة القيمة المضافه",المرتجعات سليمه,يوجد صنف بقيمه 428 وتم التنبيه بالتسويه ,مطابقة للرصيد الفعلي,70,يتم الرد ب انتظام,الفرع ملتزم,لا يوجد ,94,"مساعدين, مختص تجميل",لا يوجد ,70,70,50,70,الفرع ملتزم,
1/23/2026 23:46:25,القاهره1,فرع المساحة الجيزة,نعم,الفرع 24 ساعه ,نعم,لا يوجد ,الفرع ملتزم طبقا لشروط الصرف,-28%,-14%,10% growth ,-14%,19% growth ,-78%,-16%,-8%,تم البدأ في الزيارات ,يافطه الفرع وكاميرا رقم ٨ وتم التواصل والابلاغ مع الجهات المختصه ,لا يوجد صناديق ,لا يوجد ,لا,430,300,نعم,لا يوجد اي ارصده افتتاحيه بها مشاكل,"الاختام المطلوبه(ختم الصيدليه-سموم-منتهى الصلاحيه), صورة الرخصه, سجل تجاري, بطاقة ضريبيه",المرتجعات سليمه,تم التسويه حتي تاريخ 19 يناير ,مطابقة للرصيد الفعلي,50,يتم الرد ب انتظام,الفرع ملتزم,لا يوجد ,68 كود من بدايه الشهر ,"مساعدين, كاشيريه, نائب مدير فرع",لا يوجد ,70,70,70,70,الفرع ملتزم,
1/24/2026 22:57:35,القاهره1,فرع المحطة الجيزة,نعم,الفرع ٢٤,نعم,لا يوجد,الفرع ملتزم طبقا لشروط الصرف,31% growth ,10% growth ,28% growth ,9% growth ,8% growth ,-86%,5% growth ,3% growth ,تم البدأ في الزيارات لدكتور صموئيل لبيب استشاري قلب واوعيه دمويه ,لا يوجد ,لا يوجد صناديق ,لا يوجد ,لا,460,365,نعم,لا يوجد اي ارصده افتتاحيه بها مشاكل,"الاختام المطلوبه(ختم الصيدليه-سموم-منتهى الصلاحيه), صورة الرخصه, سجل تجاري, بطاقة ضريبيه",المرتجعات سليمه,يوجد صنف مؤقت بقيمه ٢٣٦٦ في انتظار ترصيد صنف مستورد ,مطابقة للرصيد الفعلي,70,يتم الرد ب انتظام,الفرع ملتزم,لا يوجد ,94 كود من بدايه الشهر,لايوجد,لا يوجد ,100,70,70,100,الفرع ملتزم,
1/25/2026 23:21:27,القاهره1,فرع المؤسسة القليوبية,نعم,"الفرع ملتزم ماعدا يوم الجمعه 9/1 تم فتح الفرع متاخراً ساعه واحده ، وتم التنبيه بعدم التكرار وبالفعل لم تتكرر منذ ذلك التاريخ ، مع العلم انه بالتنسيق معي شخصياً الفرع يقوم بتجربه زياده عدد الساعات في شيفت الافتر والنظر الي مبيعات الساعات الاضافيه وذلك للاستقرار اذ سيتم زياده عدد ساعات عمل الفرع ام لا  ",لا,"شيفت مورنينج صيدلي امتياز ، ويقوم مدير الفرع بالتغطيه في حاله وجود تفتيش لقرب سكنه من الفرع ",الفرع ملتزم طبقا لشروط الصرف,30% growth ,-10%,159% growth ,2% growth ,-75%,-84%,29% growth ,-10%,لا يوجد عيادات ,لا يوجد ,لا يوجد صناديق ,لا يوجد ,نعم,240,150,نعم,لا يوجد اي ارصده افتتاحيه بها مشاكل,أصل الرسم,المرتجعات سليمه,لا يوجد,مطابقة للرصيد الفعلي,50,يتم الرد ب انتظام,الفرع ملتزم,لا يوجد,88 كود من بدايه الشهر ,لايوجد,لا يوجد,70,100,70,70,الفرع ملتزم,
1/25/2026 23:46:03,القاهره1,فرع العتبة القاهرة,نعم,٢٤ ساعه,نعم,لا يوجد,الفرع ملتزم طبقا لشروط الصرف,29% growth,2% growth ,18% growth,-4%,-82%,-82%,18% growth,3% growth ,لا يوجد عيادات ,"تغيير بعض الكشافات ، صيانه ٣ رفوف خشب ، تدعيم الصندله ",لا يوجد صناديق في القاهره والجيزه ,لا يوجد ,نعم,320,410,نعم,لا يوجد اي ارصده افتتاحيه بها مشاكل,سجل تجاري,المرتجعات سليمه,يوجد صنف بقيمه 5635 وسيتم التسويه اليوم,مطابقة للرصيد الفعلي,70,يتم الرد ب انتظام,الفرع ملتزم,لا يوجد,57 كود من بدايه الشهر,"دلفريه, كاشيريه",لا يوجد,100,100,70,100,الفرع ملتزم,
